001_huun_1_ROSA_EXP.wav,001 ふーん,ふーん,フーン,拡張ボイス
002_huun_2_ROSA_EXP.wav,002 ふーん,ふーん,フーン,拡張ボイス
003_huun_3_ROSA_EXP.wav,003 ふーん,ふーん,フーン,拡張ボイス
004_huun_4_ROSA_EXP.wav,004 ふーん,ふーん,フーン,拡張ボイス
005_huun_5_ROSA_EXP.wav,005 ふーん,ふーん,フーン,拡張ボイス
006_kimo_1_ROSA_EXP.wav,006 きもっ,きもっ,キモッ,拡張ボイス
007_kimo_2_ROSA_EXP.wav,007 きもっ,きもっ,キモッ,拡張ボイス
008_kimo_3_ROSA_EXP.wav,008 きもっ,きもっ,キモッ,拡張ボイス
009_kimo_4_ROSA_EXP.wav,009 きもっ,きもっ,キモッ,拡張ボイス
010_kimo_5_ROSA_EXP.wav,010 きもっ,きもっ,キモッ,拡張ボイス
011_panpakapaan_1_ROSA_EXP.wav,011 パンパカパーン,パンパカパーン,パンパカパーン,拡張ボイス
012_panpakapaan_2_ROSA_EXP.wav,012 パンパカパーン,パンパカパーン,パンパカパーン,拡張ボイス
013_panpakapaan_3_ROSA_EXP.wav,013 パンパカパーン,パンパカパーン,パンパカパーン,拡張ボイス
014_panpakapaan_4_ROSA_EXP.wav,014 パンパカパーン,パンパカパーン,パンパカパーン,拡張ボイス
015_panpakapaan_5_ROSA_EXP.wav,015 パンパカパーン,パンパカパーン,パンパカパーン,拡張ボイス
016_sugooi_1_ROSA_EXP.wav,016 すごーい,すごーい,スゴーイ,拡張ボイス
017_sugooi_2_ROSA_EXP.wav,017 すごーい,すごーい,スゴーイ,拡張ボイス
018_sugooi_3_ROSA_EXP.wav,018 すごーい,すごーい,スゴーイ,拡張ボイス
019_sugooi_4_ROSA_EXP.wav,019 すごーい,すごーい,スゴーイ,拡張ボイス
020_sugooi_5_ROSA_EXP.wav,020 すごーい,すごーい,スゴーイ,拡張ボイス
021_akubi_1_ROSA_EXP.wav,021 あくび,あくび,アクビ,拡張ボイス
022_akubi_2_ROSA_EXP.wav,022 あくび,あくび,アクビ,拡張ボイス
023_akubi_3_ROSA_EXP.wav,023 あくび,あくび,アクビ,拡張ボイス
024_akubi_4_ROSA_EXP.wav,024 あくび,あくび,アクビ,拡張ボイス
025_akubi_5_ROSA_EXP.wav,025 あくび,あくび,アクビ,拡張ボイス
026_kushami_1_ROSA_EXP.wav,026 くしゃみ,くしゃみ,クシャミ,拡張ボイス
027_kushami_2_ROSA_EXP.wav,027 くしゃみ,くしゃみ,クシャミ,拡張ボイス
028_kushami_3_ROSA_EXP.wav,028 くしゃみ,くしゃみ,クシャミ,拡張ボイス
029_kushami_4_ROSA_EXP.wav,029 くしゃみ,くしゃみ,クシャミ,拡張ボイス
030_kushami_5_ROSA_EXP.wav,030 くしゃみ,くしゃみ,クシャミ,拡張ボイス
031_sekibarai_1_ROSA_EXP.wav,031 咳払い,咳払い,セキバライ,拡張ボイス
032_sekibarai_2_ROSA_EXP.wav,032 咳払い,咳払い,セキバライ,拡張ボイス
033_sekibarai_3_ROSA_EXP.wav,033 咳払い,咳払い,セキバライ,拡張ボイス
034_sekibarai_4_ROSA_EXP.wav,034 咳払い,咳払い,セキバライ,拡張ボイス
035_sekibarai_5_ROSA_EXP.wav,035 咳払い,咳払い,セキバライ,拡張ボイス
036_seki_1_ROSA_EXP.wav,036 咳,咳,セキ,拡張ボイス
037_seki_2_ROSA_EXP.wav,037 咳,咳,セキ,拡張ボイス
038_seki_3_ROSA_EXP.wav,038 咳,咳,セキ,拡張ボイス
039_seki_4_ROSA_EXP.wav,039 咳,咳,セキ,拡張ボイス
040_seki_5_ROSA_EXP.wav,040 咳,咳,セキ,拡張ボイス
041_ieiiei_1_ROSA_EXP.wav,041 イェイイェイ,イェイイェイ,イェイイェイ,拡張ボイス
042_ieiiei_2_ROSA_EXP.wav,042 イェイイェイ,イェイイェイ,イェイイェイ,拡張ボイス
043_ieiiei_3_ROSA_EXP.wav,043 イェイイェイ,イェイイェイ,イェイイェイ,拡張ボイス
044_ieiiei_4_ROSA_EXP.wav,044 イェイイェイ,イェイイェイ,イェイイェイ,拡張ボイス
045_ieiiei_5_ROSA_EXP.wav,045 イェイイェイ,イェイイェイ,イェイイェイ,拡張ボイス
046_zukkyun_1_ROSA_EXP.wav,046 ズッキュン,ズッキュン,ズッキュン,拡張ボイス
047_zukkyun_2_ROSA_EXP.wav,047 ズッキュン,ズッキュン,ズッキュン,拡張ボイス
048_zukkyun_3_ROSA_EXP.wav,048 ズッキュン,ズッキュン,ズッキュン,拡張ボイス
049_zukkyun_4_ROSA_EXP.wav,049 ズッキュン,ズッキュン,ズッキュン,拡張ボイス
050_zukkyun_5_ROSA_EXP.wav,050 ズッキュン,ズッキュン,ズッキュン,拡張ボイス
051_bakkyun_1_ROSA_EXP.wav,051 バッキュン,バッキュン,バッキュン,拡張ボイス
052_bakkyun_2_ROSA_EXP.wav,052 バッキュン,バッキュン,バッキュン,拡張ボイス
053_bakkyun_3_ROSA_EXP.wav,053 バッキュン,バッキュン,バッキュン,拡張ボイス
054_bakkyun_4_ROSA_EXP.wav,054 バッキュン,バッキュン,バッキュン,拡張ボイス
055_bakkyun_5_ROSA_EXP.wav,055 バッキュン,バッキュン,バッキュン,拡張ボイス
056_thankyou_1_ROSA_EXP.wav,056 サンキュー,サンキュー,サンキュー,拡張ボイス
057_thankyou_2_ROSA_EXP.wav,057 サンキュー,サンキュー,サンキュー,拡張ボイス
058_thankyou_3_ROSA_EXP.wav,058 サンキュー,サンキュー,サンキュー,拡張ボイス
059_thankyou_4_ROSA_EXP.wav,059 サンキュー,サンキュー,サンキュー,拡張ボイス
060_thankyou_5_ROSA_EXP.wav,060 サンキュー,サンキュー,サンキュー,拡張ボイス
061_vo_1_ROSA_EXP.wav,061 ヴォ,ヴォ,ヴォ,拡張ボイス
062_vo_2_ROSA_EXP.wav,062 ヴォ,ヴォ,ヴォ,拡張ボイス
063_vo_3_ROSA_EXP.wav,063 ヴォ,ヴォ,ヴォ,拡張ボイス
064_vo_4_ROSA_EXP.wav,064 ヴォ,ヴォ,ヴォ,拡張ボイス
065_vo_5_ROSA_EXP.wav,065 ヴォ,ヴォ,ヴォ,拡張ボイス
066_warawara_1_ROSA_EXP.wav,066 わらわら,わらわら,ワラワラ,拡張ボイス
067_warawara_2_ROSA_EXP.wav,067 わらわら,わらわら,ワラワラ,拡張ボイス
068_warawara_3_ROSA_EXP.wav,068 わらわら,わらわら,ワラワラ,拡張ボイス
069_warawara_4_ROSA_EXP.wav,069 わらわら,わらわら,ワラワラ,拡張ボイス
070_warawara_5_ROSA_EXP.wav,070 わらわら,わらわら,ワラワラ,拡張ボイス
071_kyuun_1_ROSA_EXP.wav,071 キューン,キューン,キューン,拡張ボイス
072_kyuun_2_ROSA_EXP.wav,072 キューン,キューン,キューン,拡張ボイス
073_kyuun_3_ROSA_EXP.wav,073 キューン,キューン,キューン,拡張ボイス
074_kyuun_4_ROSA_EXP.wav,074 キューン,キューン,キューン,拡張ボイス
075_kyuun_5_ROSA_EXP.wav,075 キューン,キューン,キューン,拡張ボイス
076_dokidoki_1_ROSA_EXP.wav,076 ドキドキ,ドキドキ,ドキドキ,拡張ボイス
077_dokidoki_2_ROSA_EXP.wav,077 ドキドキ,ドキドキ,ドキドキ,拡張ボイス
078_dokidoki_3_ROSA_EXP.wav,078 ドキドキ,ドキドキ,ドキドキ,拡張ボイス
079_dokidoki_4_ROSA_EXP.wav,079 ドキドキ,ドキドキ,ドキドキ,拡張ボイス
080_dokidoki_5_ROSA_EXP.wav,080 ドキドキ,ドキドキ,ドキドキ,拡張ボイス
081_rosarosa_1_ROSA_EXP.wav,081 ロサロサ,ロサロサ,ロサロサ,拡張ボイス
082_rosarosa_2_ROSA_EXP.wav,082 ロサロサ,ロサロサ,ロサロサ,拡張ボイス
083_rosarosa_3_ROSA_EXP.wav,083 ロサロサ,ロサロサ,ロサロサ,拡張ボイス
084_rosarosa_4_ROSA_EXP.wav,084 ロサロサ,ロサロサ,ロサロサ,拡張ボイス
085_rosarosa_5_ROSA_EXP.wav,085 ロサロサ,ロサロサ,ロサロサ,拡張ボイス
086_oharosa_1_ROSA_EXP.wav,086 おはロサ,おはロサ,オハロサ,拡張ボイス
087_oharosa_2_ROSA_EXP.wav,087 おはロサ,おはロサ,オハロサ,拡張ボイス
088_oharosa_3_ROSA_EXP.wav,088 おはロサ,おはロサ,オハロサ,拡張ボイス
089_oharosa_4_ROSA_EXP.wav,089 おはロサ,おはロサ,オハロサ,拡張ボイス
090_oharosa_5_ROSA_EXP.wav,090 おはロサ,おはロサ,オハロサ,拡張ボイス
091_dokkidoki_1_ROSA_EXP.wav,091 ドッキドキ,ドッキドキ,ドッキドキ,拡張ボイス
092_dokkidoki_2_ROSA_EXP.wav,092 ドッキドキ,ドッキドキ,ドッキドキ,拡張ボイス
093_dokkidoki_3_ROSA_EXP.wav,093 ドッキドキ,ドッキドキ,ドッキドキ,拡張ボイス
094_dokkidoki_4_ROSA_EXP.wav,094 ドッキドキ,ドッキドキ,ドッキドキ,拡張ボイス
095_dokkidoki_5_ROSA_EXP.wav,095 ドッキドキ,ドッキドキ,ドッキドキ,拡張ボイス
096_waai_1_ROSA_EXP.wav,096 わーい,わーい,ワーイ,拡張ボイス
097_waai_2_ROSA_EXP.wav,097 わーい,わーい,ワーイ,拡張ボイス
098_waai_3_ROSA_EXP.wav,098 わーい,わーい,ワーイ,拡張ボイス
099_waai_4_ROSA_EXP.wav,099 わーい,わーい,ワーイ,拡張ボイス
100_waai_5_ROSA_EXP.wav,100 わーい,わーい,ワーイ,拡張ボイス
101_ukkiuki_1_ROSA_EXP.wav,101 うっきうき,うっきうき,ウッキウキ,拡張ボイス
102_ukkiuki_2_ROSA_EXP.wav,102 うっきうき,うっきうき,ウッキウキ,拡張ボイス
103_ukkiuki_3_ROSA_EXP.wav,103 うっきうき,うっきうき,ウッキウキ,拡張ボイス
104_ukkiuki_4_ROSA_EXP.wav,104 うっきうき,うっきうき,ウッキウキ,拡張ボイス
105_ukkiuki_5_ROSA_EXP.wav,105 うっきうき,うっきうき,ウッキウキ,拡張ボイス
106_wasshoi_1_ROSA_EXP.wav,106 わっしょい,わっしょい,ワッショイ,拡張ボイス
107_wasshoi_2_ROSA_EXP.wav,107 わっしょい,わっしょい,ワッショイ,拡張ボイス
108_wasshoi_3_ROSA_EXP.wav,108 わっしょい,わっしょい,ワッショイ,拡張ボイス
109_wasshoi_4_ROSA_EXP.wav,109 わっしょい,わっしょい,ワッショイ,拡張ボイス
110_wasshoi_5_ROSA_EXP.wav,110 わっしょい,わっしょい,ワッショイ,拡張ボイス
111_soresore_1_ROSA_EXP.wav,111 それそれ,それそれ,ソレソレ,拡張ボイス
112_soresore_2_ROSA_EXP.wav,112 それそれ,それそれ,ソレソレ,拡張ボイス
113_soresore_3_ROSA_EXP.wav,113 それそれ,それそれ,ソレソレ,拡張ボイス
114_soresore_4_ROSA_EXP.wav,114 それそれ,それそれ,ソレソレ,拡張ボイス
115_soresore_5_ROSA_EXP.wav,115 それそれ,それそれ,ソレソレ,拡張ボイス
116_seeno_1_ROSA_EXP.wav,116 せーの,せーの,セーノ,拡張ボイス
117_seeno_2_ROSA_EXP.wav,117 せーの,せーの,セーノ,拡張ボイス
118_seeno_3_ROSA_EXP.wav,118 せーの,せーの,セーノ,拡張ボイス
119_seeno_4_ROSA_EXP.wav,119 せーの,せーの,セーノ,拡張ボイス
120_seeno_5_ROSA_EXP.wav,120 せーの,せーの,セーノ,拡張ボイス
121_isseenosse_1_ROSA_EXP.wav,121 いっせーのっせ,いっせーのっせ,イッセーノッセ,拡張ボイス
122_isseenosse_2_ROSA_EXP.wav,122 いっせーのっせ,いっせーのっせ,イッセーノッセ,拡張ボイス
123_isseenosse_3_ROSA_EXP.wav,123 いっせーのっせ,いっせーのっせ,イッセーノッセ,拡張ボイス
124_isseenosse_4_ROSA_EXP.wav,124 いっせーのっせ,いっせーのっせ,イッセーノッセ,拡張ボイス
125_isseenosse_5_ROSA_EXP.wav,125 いっせーのっせ,いっせーのっせ,イッセーノッセ,拡張ボイス
126_ei_1_ROSA_EXP.wav,126 えいっ,えいっ,エイッ,拡張ボイス
127_ei_2_ROSA_EXP.wav,127 えいっ,えいっ,エイッ,拡張ボイス
128_ei_3_ROSA_EXP.wav,128 えいっ,えいっ,エイッ,拡張ボイス
129_ei_4_ROSA_EXP.wav,129 えいっ,えいっ,エイッ,拡張ボイス
130_ei_5_ROSA_EXP.wav,130 えいっ,えいっ,エイッ,拡張ボイス
131_orya_1_ROSA_EXP.wav,131 おりゃ,おりゃ,オリャ,拡張ボイス
132_orya_2_ROSA_EXP.wav,132 おりゃ,おりゃ,オリャ,拡張ボイス
133_orya_3_ROSA_EXP.wav,133 おりゃ,おりゃ,オリャ,拡張ボイス
134_orya_4_ROSA_EXP.wav,134 おりゃ,おりゃ,オリャ,拡張ボイス
135_orya_5_ROSA_EXP.wav,135 おりゃ,おりゃ,オリャ,拡張ボイス
136_ne_1_ROSA_EXP.wav,136 ねっ,ねっ,ネッ,拡張ボイス
137_ne_2_ROSA_EXP.wav,137 ねっ,ねっ,ネッ,拡張ボイス
138_ne_3_ROSA_EXP.wav,138 ねっ,ねっ,ネッ,拡張ボイス
139_ne_4_ROSA_EXP.wav,139 ねっ,ねっ,ネッ,拡張ボイス
140_ne_5_ROSA_EXP.wav,140 ねっ,ねっ,ネッ,拡張ボイス
141_na_1_ROSA_EXP.wav,141 なっ,なっ,ナッ,拡張ボイス
142_na_2_ROSA_EXP.wav,142 なっ,なっ,ナッ,拡張ボイス
143_na_3_ROSA_EXP.wav,143 なっ,なっ,ナッ,拡張ボイス
144_na_4_ROSA_EXP.wav,144 なっ,なっ,ナッ,拡張ボイス
145_na_5_ROSA_EXP.wav,145 なっ,なっ,ナッ,拡張ボイス
146_nya_1_ROSA_EXP.wav,146 にゃ,にゃ,ニャ,拡張ボイス
147_nya_2_ROSA_EXP.wav,147 にゃ,にゃ,ニャ,拡張ボイス
148_nya_3_ROSA_EXP.wav,148 にゃ,にゃ,ニャ,拡張ボイス
149_nya_4_ROSA_EXP.wav,149 にゃ,にゃ,ニャ,拡張ボイス
150_nya_5_ROSA_EXP.wav,150 にゃ,にゃ,ニャ,拡張ボイス
151_nyannyan_1_ROSA_EXP.wav,151 にゃんにゃん,にゃんにゃん,ニャンニャン,拡張ボイス
152_nyannyan_2_ROSA_EXP.wav,152 にゃんにゃん,にゃんにゃん,ニャンニャン,拡張ボイス
153_nyannyan_3_ROSA_EXP.wav,153 にゃんにゃん,にゃんにゃん,ニャンニャン,拡張ボイス
154_nyannyan_4_ROSA_EXP.wav,154 にゃんにゃん,にゃんにゃん,ニャンニャン,拡張ボイス
155_nyannyan_5_ROSA_EXP.wav,155 にゃんにゃん,にゃんにゃん,ニャンニャン,拡張ボイス
156_wan_1_ROSA_EXP.wav,156 わん,わん,ワン,拡張ボイス
157_wan_2_ROSA_EXP.wav,157 わん,わん,ワン,拡張ボイス
158_wan_3_ROSA_EXP.wav,158 わん,わん,ワン,拡張ボイス
159_wan_4_ROSA_EXP.wav,159 わん,わん,ワン,拡張ボイス
160_wan_5_ROSA_EXP.wav,160 わん,わん,ワン,拡張ボイス
161_wanwan_1_ROSA_EXP.wav,161 わんわん,わんわん,ワンワン,拡張ボイス
162_wanwan_2_ROSA_EXP.wav,162 わんわん,わんわん,ワンワン,拡張ボイス
163_wanwan_3_ROSA_EXP.wav,163 わんわん,わんわん,ワンワン,拡張ボイス
164_wanwan_4_ROSA_EXP.wav,164 わんわん,わんわん,ワンワン,拡張ボイス
165_wanwan_5_ROSA_EXP.wav,165 わんわん,わんわん,ワンワン,拡張ボイス
166_ban_1_ROSA_EXP.wav,166 パン,パン,パン,拡張ボイス
167_ban_2_ROSA_EXP.wav,167 パン,パン,パン,拡張ボイス
168_ban_3_ROSA_EXP.wav,168 パン,パン,パン,拡張ボイス
169_ban_4_ROSA_EXP.wav,169 パン,パン,パン,拡張ボイス
170_ban_5_ROSA_EXP.wav,170 パン,パン,パン,拡張ボイス
171_banban_1_ROSA_EXP.wav,171 パンパン,パンパン,パンパン,拡張ボイス
172_banban_2_ROSA_EXP.wav,172 パンパン,パンパン,パンパン,拡張ボイス
173_banban_3_ROSA_EXP.wav,173 パンパン,パンパン,パンパン,拡張ボイス
174_banban_4_ROSA_EXP.wav,174 パンパン,パンパン,パンパン,拡張ボイス
175_banban_5_ROSA_EXP.wav,175 パンパン,パンパン,パンパン,拡張ボイス
176_hore_1_ROSA_EXP.wav,176 ほれ,ほれ,ホレ,拡張ボイス
177_hore_2_ROSA_EXP.wav,177 ほれ,ほれ,ホレ,拡張ボイス
178_hore_3_ROSA_EXP.wav,178 ほれ,ほれ,ホレ,拡張ボイス
179_ore_1_ROSA_EXP.wav,179 おれ,おれ,オレ,拡張ボイス
180_ore_2_ROSA_EXP.wav,180 おれ,おれ,オレ,拡張ボイス
181_hohooi_1_ROSA_EXP.wav,181 ほほーい,ほほーい,ホホーイ,拡張ボイス
182_hohooi_2_ROSA_EXP.wav,182 ほほーい,ほほーい,ホホーイ,拡張ボイス
183_hohooi_3_ROSA_EXP.wav,183 ほほーい,ほほーい,ホホーイ,拡張ボイス
184_hohooi_4_ROSA_EXP.wav,184 ほほーい,ほほーい,ホホーイ,拡張ボイス
185_hohooi_5_ROSA_EXP.wav,185 ほほーい,ほほーい,ホホーイ,拡張ボイス
186_yahhoo_1_ROSA_EXP.wav,186 やっほー,やっほー,ヤッホー,拡張ボイス
187_yahhoo_2_ROSA_EXP.wav,187 やっほー,やっほー,ヤッホー,拡張ボイス
188_yahhoo_3_ROSA_EXP.wav,188 やっほー,やっほー,ヤッホー,拡張ボイス
189_yahhoo_4_ROSA_EXP.wav,189 やっほー,やっほー,ヤッホー,拡張ボイス
190_yahhoo_5_ROSA_EXP.wav,190 やっほー,やっほー,ヤッホー,拡張ボイス
191_waa_1_ROSA_EXP.wav,191 わー,わー,ワー,拡張ボイス
192_waa_2_ROSA_EXP.wav,192 わー,わー,ワー,拡張ボイス
193_waa_3_ROSA_EXP.wav,193 わー,わー,ワー,拡張ボイス
194_waa_4_ROSA_EXP.wav,194 わー,わー,ワー,拡張ボイス
195_waa_5_ROSA_EXP.wav,195 わー,わー,ワー,拡張ボイス
196_kacchikachi_1_ROSA_EXP.wav,196 かっちかち,かっちかち,カッチカチ,拡張ボイス
197_kacchikachi_2_ROSA_EXP.wav,197 かっちかち,かっちかち,カッチカチ,拡張ボイス
198_kacchikachi_3_ROSA_EXP.wav,198 かっちかち,かっちかち,カッチカチ,拡張ボイス
199_kacchikachi_4_ROSA_EXP.wav,199 かっちかち,かっちかち,カッチカチ,拡張ボイス
200_kacchikachi_5_ROSA_EXP.wav,200 かっちかち,かっちかち,カッチカチ,拡張ボイス
201_huwahhuwa_1_ROSA_EXP.wav,201 ふわっふわ,ふわっふわ,フワッフワ,拡張ボイス
202_huwahhuwa_2_ROSA_EXP.wav,202 ふわっふわ,ふわっふわ,フワッフワ,拡張ボイス
203_huwahhuwa_3_ROSA_EXP.wav,203 ふわっふわ,ふわっふわ,フワッフワ,拡張ボイス
204_huwahhuwa_4_ROSA_EXP.wav,204 ふわっふわ,ふわっふわ,フワッフワ,拡張ボイス
205_huwahhuwa_5_ROSA_EXP.wav,205 ふわっふわ,ふわっふわ,フワッフワ,拡張ボイス
206_tetteree_1_ROSA_EXP.wav,206 てってれー,てってれー,テッテレー,拡張ボイス
207_tetteree_2_ROSA_EXP.wav,207 てってれー,てってれー,テッテレー,拡張ボイス
208_tetteree_3_ROSA_EXP.wav,208 てってれー,てってれー,テッテレー,拡張ボイス
209_tetteree_4_ROSA_EXP.wav,209 てってれー,てってれー,テッテレー,拡張ボイス
210_tetteree_5_ROSA_EXP.wav,210 てってれー,てってれー,テッテレー,拡張ボイス
211_yoiyoi_1_ROSA_EXP.wav,211 よいよい,よいよい,ヨイヨイ,拡張ボイス
212_yoiyoi_2_ROSA_EXP.wav,212 よいよい,よいよい,ヨイヨイ,拡張ボイス
213_yoiyoi_3_ROSA_EXP.wav,213 よいよい,よいよい,ヨイヨイ,拡張ボイス
214_yoiyoi_4_ROSA_EXP.wav,214 よいよい,よいよい,ヨイヨイ,拡張ボイス
215_yoiyoi_5_ROSA_EXP.wav,215 よいよい,よいよい,ヨイヨイ,拡張ボイス
216_wao_1_ROSA_EXP.wav,216 わぉ,わぉ,ワォ,拡張ボイス
217_wao_2_ROSA_EXP.wav,217 わぉ,わぉ,ワォ,拡張ボイス
218_wao_3_ROSA_EXP.wav,218 わぉ,わぉ,ワォ,拡張ボイス
219_wao_4_ROSA_EXP.wav,219 わぉ,わぉ,ワォ,拡張ボイス
220_wao_5_ROSA_EXP.wav,220 わぉ,わぉ,ワォ,拡張ボイス
221_buun_1_ROSA_EXP.wav,221 ぶーん,ぶーん,ブーン,拡張ボイス
222_buun_2_ROSA_EXP.wav,222 ぶーん,ぶーん,ブーン,拡張ボイス
223_buun_3_ROSA_EXP.wav,223 ぶーん,ぶーん,ブーン,拡張ボイス
224_buun_4_ROSA_EXP.wav,224 ぶーん,ぶーん,ブーン,拡張ボイス
225_buun_5_ROSA_EXP.wav,225 ぶーん,ぶーん,ブーン,拡張ボイス
226_buunbuun_1_ROSA_EXP.wav,226 ぶーんぶーん,ぶーんぶーん,ブーンブーン,拡張ボイス
227_buunbuun_2_ROSA_EXP.wav,227 ぶーんぶーん,ぶーんぶーん,ブーンブーン,拡張ボイス
228_buunbuun_3_ROSA_EXP.wav,228 ぶーんぶーん,ぶーんぶーん,ブーンブーン,拡張ボイス
229_buunbuun_4_ROSA_EXP.wav,229 ぶーんぶーん,ぶーんぶーん,ブーンブーン,拡張ボイス
230_buunbuun_5_ROSA_EXP.wav,230 ぶーんぶーん,ぶーんぶーん,ブーンブーン,拡張ボイス
231_yosshaa_1_ROSA_EXP.wav,231 よっしゃー,よっしゃー,ヨッシャー,拡張ボイス
232_yosshaa_2_ROSA_EXP.wav,232 よっしゃー,よっしゃー,ヨッシャー,拡張ボイス
233_yosshaa_3_ROSA_EXP.wav,233 よっしゃー,よっしゃー,ヨッシャー,拡張ボイス
234_yosshaa_4_ROSA_EXP.wav,234 よっしゃー,よっしゃー,ヨッシャー,拡張ボイス
235_yosshaa_5_ROSA_EXP.wav,235 よっしゃー,よっしゃー,ヨッシャー,拡張ボイス
236_suki_1_ROSA_EXP.wav,236 すき,すき,スキ,拡張ボイス
237_suki_2_ROSA_EXP.wav,237 すき,すき,スキ,拡張ボイス
238_suki_3_ROSA_EXP.wav,238 すき,すき,スキ,拡張ボイス
239_suki_4_ROSA_EXP.wav,239 すき,すき,スキ,拡張ボイス
240_suki_5_ROSA_EXP.wav,240 すき,すき,スキ,拡張ボイス
241_daisuki_1_ROSA_EXP.wav,241 だいすき,だいすき,ダイスキ,拡張ボイス
242_daisuki_2_ROSA_EXP.wav,242 だいすき,だいすき,ダイスキ,拡張ボイス
243_daisuki_3_ROSA_EXP.wav,243 だいすき,だいすき,ダイスキ,拡張ボイス
244_daisuki_4_ROSA_EXP.wav,244 だいすき,だいすき,ダイスキ,拡張ボイス
245_daisuki_5_ROSA_EXP.wav,245 だいすき,だいすき,ダイスキ,拡張ボイス
246_kirai_1_ROSA_EXP.wav,246 きらい,きらい,キライ,拡張ボイス
247_kirai_2_ROSA_EXP.wav,247 きらい,きらい,キライ,拡張ボイス
248_kirai_3_ROSA_EXP.wav,248 きらい,きらい,キライ,拡張ボイス
249_kirai_4_ROSA_EXP.wav,249 きらい,きらい,キライ,拡張ボイス
250_kirai_5_ROSA_EXP.wav,250 きらい,きらい,キライ,拡張ボイス
251_daikirai_1_ROSA_EXP.wav,251 だいきらい,だいきらい,ダイキライ,拡張ボイス
252_daikirai_2_ROSA_EXP.wav,252 だいきらい,だいきらい,ダイキライ,拡張ボイス
253_daikirai_3_ROSA_EXP.wav,253 だいきらい,だいきらい,ダイキライ,拡張ボイス
254_daikirai_4_ROSA_EXP.wav,254 だいきらい,だいきらい,ダイキライ,拡張ボイス
255_daikirai_5_ROSA_EXP.wav,255 だいきらい,だいきらい,ダイキライ,拡張ボイス
256_shirangana_1_ROSA_EXP.wav,256 しらんがな,しらんがな,シランガナ,拡張ボイス
257_shirangana_2_ROSA_EXP.wav,257 しらんがな,しらんがな,シランガナ,拡張ボイス
258_shirangana_3_ROSA_EXP.wav,258 しらんがな,しらんがな,シランガナ,拡張ボイス
259_shirangana_4_ROSA_EXP.wav,259 しらんがな,しらんがな,シランガナ,拡張ボイス
260_shirangana_5_ROSA_EXP.wav,260 しらんがな,しらんがな,シランガナ,拡張ボイス
261_shiranaindakara_1_ROSA_EXP.wav,261 しらないんだから,しらないんだから,シラナインダカラ,拡張ボイス
262_shiranaindakara_2_ROSA_EXP.wav,262 しらないんだから,しらないんだから,シラナインダカラ,拡張ボイス
263_shiranaindakara_3_ROSA_EXP.wav,263 しらないんだから,しらないんだから,シラナインダカラ,拡張ボイス
264_shiranaindakara_4_ROSA_EXP.wav,264 しらないんだから,しらないんだから,シラナインダカラ,拡張ボイス
265_shiranaindakara_5_ROSA_EXP.wav,265 しらないんだから,しらないんだから,シラナインダカラ,拡張ボイス
266_mou_1_ROSA_EXP.wav,266 もうっ,もうっ,モウッ,拡張ボイス
267_mou_2_ROSA_EXP.wav,267 もうっ,もうっ,モウッ,拡張ボイス
268_mou_3_ROSA_EXP.wav,268 もうっ,もうっ,モウッ,拡張ボイス
269_mou_4_ROSA_EXP.wav,269 もうっ,もうっ,モウッ,拡張ボイス
270_mou_5_ROSA_EXP.wav,270 もうっ,もうっ,モウッ,拡張ボイス
271_punpun_1_ROSA_EXP.wav,271 ぷんぷん,ぷんぷん,プンプン,拡張ボイス
272_punpun_2_ROSA_EXP.wav,272 ぷんぷん,ぷんぷん,プンプン,拡張ボイス
273_punpun_3_ROSA_EXP.wav,273 ぷんぷん,ぷんぷん,プンプン,拡張ボイス
274_punpun_4_ROSA_EXP.wav,274 ぷんぷん,ぷんぷん,プンプン,拡張ボイス
275_punpun_5_ROSA_EXP.wav,275 ぷんぷん,ぷんぷん,プンプン,拡張ボイス
276_iyada_1_ROSA_EXP.wav,276 いやだ,いやだ,イヤダ,拡張ボイス
277_iyada_2_ROSA_EXP.wav,277 いやだ,いやだ,イヤダ,拡張ボイス
278_iyada_3_ROSA_EXP.wav,278 いやだ,いやだ,イヤダ,拡張ボイス
279_iyada_4_ROSA_EXP.wav,279 いやだ,いやだ,イヤダ,拡張ボイス
280_iyada_5_ROSA_EXP.wav,280 いやだ,いやだ,イヤダ,拡張ボイス
281_iyaiya_1_ROSA_EXP.wav,281 いやいや,いやいや,イヤイヤ,拡張ボイス
282_iyaiya_2_ROSA_EXP.wav,282 いやいや,いやいや,イヤイヤ,拡張ボイス
283_iyaiya_3_ROSA_EXP.wav,283 いやいや,いやいや,イヤイヤ,拡張ボイス
284_iyaiya_4_ROSA_EXP.wav,284 いやいや,いやいや,イヤイヤ,拡張ボイス
285_iyaiya_5_ROSA_EXP.wav,285 いやいや,いやいや,イヤイヤ,拡張ボイス
286_lacky_1_ROSA_EXP.wav,286 ラッキー,ラッキー,ラッキー,拡張ボイス
287_lacky_2_ROSA_EXP.wav,287 ラッキー,ラッキー,ラッキー,拡張ボイス
288_lacky_3_ROSA_EXP.wav,288 ラッキー,ラッキー,ラッキー,拡張ボイス
289_lacky_4_ROSA_EXP.wav,289 ラッキー,ラッキー,ラッキー,拡張ボイス
290_lacky_5_ROSA_EXP.wav,290 ラッキー,ラッキー,ラッキー,拡張ボイス
291_yaaiyaai_1_ROSA_EXP.wav,291 やーい,やーい,ヤーイ,拡張ボイス
292_yaaiyaai_2_ROSA_EXP.wav,292 やーい,やーい,ヤーイ,拡張ボイス
293_yaaiyaai_3_ROSA_EXP.wav,293 やーい,やーい,ヤーイ,拡張ボイス
294_yaaiyaai_4_ROSA_EXP.wav,294 やーい,やーい,ヤーイ,拡張ボイス
295_yaaiyaai_5_ROSA_EXP.wav,295 やーい,やーい,ヤーイ,拡張ボイス
296_chichichi_1_ROSA_EXP.wav,296 ちちち,ちちち,チチチ,拡張ボイス
297_chichichi_2_ROSA_EXP.wav,297 ちちち,ちちち,チチチ,拡張ボイス
298_chichichi_3_ROSA_EXP.wav,298 ちちち,ちちち,チチチ,拡張ボイス
299_chichichi_4_ROSA_EXP.wav,299 ちちち,ちちち,チチチ,拡張ボイス
300_chichichi_5_ROSA_EXP.wav,300 ちちち,ちちち,チチチ,拡張ボイス
301_cho_1_ROSA_EXP.wav,301 ちょっ,ちょっ,チョッ,拡張ボイス
302_cho_2_ROSA_EXP.wav,302 ちょっ,ちょっ,チョッ,拡張ボイス
303_cho_3_ROSA_EXP.wav,303 ちょっ,ちょっ,チョッ,拡張ボイス
304_cho_4_ROSA_EXP.wav,304 ちょっ,ちょっ,チョッ,拡張ボイス
305_cho_5_ROSA_EXP.wav,305 ちょっ,ちょっ,チョッ,拡張ボイス
306_hajimarihajimari_1_ROSA_EXP.wav,306 はじまり,はじまり,ハジマリ,拡張ボイス
307_hajimarihajimari_2_ROSA_EXP.wav,307 はじまり,はじまり,ハジマリ,拡張ボイス
308_hajimarihajimari_3_ROSA_EXP.wav,308 はじまり,はじまり,ハジマリ,拡張ボイス
309_hajimarihajimari_4_ROSA_EXP.wav,309 はじまり,はじまり,ハジマリ,拡張ボイス
310_hajimarihajimari_5_ROSA_EXP.wav,310 はじまり,はじまり,ハジマリ,拡張ボイス
311_seeno_1_ROSA_EXP.wav,311 せーのっ,せーのっ,セーノッ,拡張ボイス
312_seeno_2_ROSA_EXP.wav,312 せーのっ,せーのっ,セーノッ,拡張ボイス
313_seeno_3_ROSA_EXP.wav,313 せーのっ,せーのっ,セーノッ,拡張ボイス
314_seeno_4_ROSA_EXP.wav,314 せーのっ,せーのっ,セーノッ,拡張ボイス
315_seeno_5_ROSA_EXP.wav,315 せーのっ,せーのっ,セーノッ,拡張ボイス
316_ikiro_1_ROSA_EXP.wav,316 いきろ,いきろ,イキロ,拡張ボイス
317_ikiro_2_ROSA_EXP.wav,317 いきろ,いきろ,イキロ,拡張ボイス
318_ikiro_3_ROSA_EXP.wav,318 いきろ,いきろ,イキロ,拡張ボイス
319_ikiro_4_ROSA_EXP.wav,319 いきろ,いきろ,イキロ,拡張ボイス
320_ikiro_5_ROSA_EXP.wav,320 いきろ,いきろ,イキロ,拡張ボイス
321_neegyuushite_1_ROSA_EXP.wav,321 ねぇ、ぎゅーして？,ねぇ、ぎゅーして？,ネェ、ギューシテ？,拡張ボイス
322_neegyuushite_2_ROSA_EXP.wav,322 ねぇ、ぎゅーして？,ねぇ、ぎゅーして？,ネェ、ギューシテ？,拡張ボイス
323_neegyuushite_3_ROSA_EXP.wav,323 ねぇ、ぎゅーして？,ねぇ、ぎゅーして？,ネェ、ギューシテ？,拡張ボイス
324_neegyuushite_4_ROSA_EXP.wav,324 ねぇ、ぎゅーして？,ねぇ、ぎゅーして？,ネェ、ギューシテ？,拡張ボイス
325_neegyuushite_5_ROSA_EXP.wav,325 ねぇ、ぎゅーして？,ねぇ、ぎゅーして？,ネェ、ギューシテ？,拡張ボイス
326_goshujinsama_1_ROSA_EXP.wav,326 ご主人様,ご主人様,ゴシュジンサマ,拡張ボイス
327_goshujinsama_2_ROSA_EXP.wav,327 ご主人様,ご主人様,ゴシュジンサマ,拡張ボイス
328_goshujinsama_3_ROSA_EXP.wav,328 ご主人様,ご主人様,ゴシュジンサマ,拡張ボイス
329_goshujinsama_4_ROSA_EXP.wav,329 ご主人様,ご主人様,ゴシュジンサマ,拡張ボイス
330_goshujinsama_5_ROSA_EXP.wav,330 ご主人様,ご主人様,ゴシュジンサマ,拡張ボイス
331_okaeri_1_ROSA_EXP.wav,331 おかえり,おかえり,オカエリ,拡張ボイス
332_okaeri_2_ROSA_EXP.wav,332 おかえり,おかえり,オカエリ,拡張ボイス
333_okaeri_3_ROSA_EXP.wav,333 おかえり,おかえり,オカエリ,拡張ボイス
334_okaeri_4_ROSA_EXP.wav,334 おかえり,おかえり,オカエリ,拡張ボイス
335_okaeri_5_ROSA_EXP.wav,335 おかえり,おかえり,オカエリ,拡張ボイス
336_okaerinasaimase_1_ROSA_EXP.wav,336 おかえりなさいませ,おかえりなさいませ,オカエリナサイマセ,拡張ボイス
337_okaerinasaimase_2_ROSA_EXP.wav,337 おかえりなさいませ,おかえりなさいませ,オカエリナサイマセ,拡張ボイス
338_okaerinasaimase_3_ROSA_EXP.wav,338 おかえりなさいませ,おかえりなさいませ,オカエリナサイマセ,拡張ボイス
339_okaerinasaimase_4_ROSA_EXP.wav,339 おかえりなさいませ,おかえりなさいませ,オカエリナサイマセ,拡張ボイス
340_okaerinasaimase_5_ROSA_EXP.wav,340 おかえりなさいませ,おかえりなさいませ,オカエリナサイマセ,拡張ボイス
341_een_1_ROSA_EXP.wav,341 えーん,えーん,エーン,拡張ボイス
342_een_2_ROSA_EXP.wav,342 えーん,えーん,エーン,拡張ボイス
343_een_3_ROSA_EXP.wav,343 えーん,えーん,エーン,拡張ボイス
344_een_4_ROSA_EXP.wav,344 えーん,えーん,エーン,拡張ボイス
345_een_5_ROSA_EXP.wav,345 えーん,えーん,エーン,拡張ボイス
346_eeneen_1_ROSA_EXP.wav,346 えーんえーん,えーんえーん,エーンエーン,拡張ボイス
347_eeneen_2_ROSA_EXP.wav,347 えーんえーん,えーんえーん,エーンエーン,拡張ボイス
348_eeneen_3_ROSA_EXP.wav,348 えーんえーん,えーんえーん,エーンエーン,拡張ボイス
349_eeneen_4_ROSA_EXP.wav,349 えーんえーん,えーんえーん,エーンエーン,拡張ボイス
350_eeneen_5_ROSA_EXP.wav,350 えーんえーん,えーんえーん,エーンエーン,拡張ボイス
351_shugoi_1_ROSA_EXP.wav,351 しゅごい,しゅごい,シュゴイ,拡張ボイス
352_shugoi_2_ROSA_EXP.wav,352 しゅごい,しゅごい,シュゴイ,拡張ボイス
353_shugoi_3_ROSA_EXP.wav,353 しゅごい,しゅごい,シュゴイ,拡張ボイス
354_shugoi_4_ROSA_EXP.wav,354 しゅごい,しゅごい,シュゴイ,拡張ボイス
355_shugoi_5_ROSA_EXP.wav,355 しゅごい,しゅごい,シュゴイ,拡張ボイス
356_ikuyoo_1_ROSA_EXP.wav,356 いくよー,いくよー,イクヨー,拡張ボイス
357_ikuyoo_2_ROSA_EXP.wav,357 いくよー,いくよー,イクヨー,拡張ボイス
358_ikuyoo_3_ROSA_EXP.wav,358 いくよー,いくよー,イクヨー,拡張ボイス
359_ikuyoo_4_ROSA_EXP.wav,359 いくよー,いくよー,イクヨー,拡張ボイス
360_ikuyoo_5_ROSA_EXP.wav,360 いくよー,いくよー,イクヨー,拡張ボイス
361_gogo_1_ROSA_EXP.wav,361 ゴーゴー,ゴーゴー,ゴーゴー,拡張ボイス
362_gogo_2_ROSA_EXP.wav,362 ゴーゴー,ゴーゴー,ゴーゴー,拡張ボイス
363_gogo_3_ROSA_EXP.wav,363 ゴーゴー,ゴーゴー,ゴーゴー,拡張ボイス
364_gogo_4_ROSA_EXP.wav,364 ゴーゴー,ゴーゴー,ゴーゴー,拡張ボイス
365_gogo_5_ROSA_EXP.wav,365 ゴーゴー,ゴーゴー,ゴーゴー,拡張ボイス
366_ossu_1_ROSA_EXP.wav,366 おっす,おっす,オッス,拡張ボイス
367_ossu_2_ROSA_EXP.wav,367 おっす,おっす,オッス,拡張ボイス
368_ossu_3_ROSA_EXP.wav,368 おっす,おっす,オッス,拡張ボイス
369_ossu_4_ROSA_EXP.wav,369 おっす,おっす,オッス,拡張ボイス
370_ossu_5_ROSA_EXP.wav,370 おっす,おっす,オッス,拡張ボイス
371_uissu_1_ROSA_EXP.wav,371 ういっす,ういっす,ウイッス,拡張ボイス
372_uissu_2_ROSA_EXP.wav,372 ういっす,ういっす,ウイッス,拡張ボイス
373_uissu_3_ROSA_EXP.wav,373 ういっす,ういっす,ウイッス,拡張ボイス
374_uissu_4_ROSA_EXP.wav,374 ういっす,ういっす,ウイッス,拡張ボイス
375_uissu_5_ROSA_EXP.wav,375 ういっす,ういっす,ウイッス,拡張ボイス
376_un_1_ROSA_EXP.wav,376 うん,うん,ウン,拡張ボイス
377_un_2_ROSA_EXP.wav,377 うん,うん,ウン,拡張ボイス
378_un_3_ROSA_EXP.wav,378 うん,うん,ウン,拡張ボイス
379_un_4_ROSA_EXP.wav,379 うん,うん,ウン,拡張ボイス
380_un_5_ROSA_EXP.wav,380 うん,うん,ウン,拡張ボイス
381_unun_1_ROSA_EXP.wav,381 うんうん,うんうん,ウンウン,拡張ボイス
382_unun_2_ROSA_EXP.wav,382 うんうん,うんうん,ウンウン,拡張ボイス
383_unun_3_ROSA_EXP.wav,383 うんうん,うんうん,ウンウン,拡張ボイス
384_unun_4_ROSA_EXP.wav,384 うんうん,うんうん,ウンウン,拡張ボイス
385_unun_5_ROSA_EXP.wav,385 うんうん,うんうん,ウンウン,拡張ボイス
386_heesounanda_1_ROSA_EXP.wav,386 へー、そうなんだ,へー、そうなんだ,ヘー、ソウナンダ,拡張ボイス
387_heesounanda_2_ROSA_EXP.wav,387 へー、そうなんだ,へー、そうなんだ,ヘー、ソウナンダ,拡張ボイス
388_heesounanda_3_ROSA_EXP.wav,388 へー、そうなんだ,へー、そうなんだ,ヘー、ソウナンダ,拡張ボイス
389_heesounanda_4_ROSA_EXP.wav,389 へー、そうなんだ,へー、そうなんだ,ヘー、ソウナンダ,拡張ボイス
390_heesounanda_5_ROSA_EXP.wav,390 へー、そうなんだ,へー、そうなんだ,ヘー、ソウナンダ,拡張ボイス
391_anooosaihudaijoubudesuka_1_ROSA_EXP.wav,391 あのー、お財布大丈夫ですか？,あのー、お財布大丈夫ですか？,アノー、オサイフダイジョウブデスカ？,拡張ボイス
392_anooosaihudaijoubudesuka_2_ROSA_EXP.wav,392 あのー、お財布大丈夫ですか？,あのー、お財布大丈夫ですか？,アノー、オサイフダイジョウブデスカ？,拡張ボイス
393_anooosaihudaijoubudesuka_3_ROSA_EXP.wav,393 あのー、お財布大丈夫ですか？,あのー、お財布大丈夫ですか？,アノー、オサイフダイジョウブデスカ？,拡張ボイス
394_anooosaihudaijoubudesuka_4_ROSA_EXP.wav,394 あのー、お財布大丈夫ですか？,あのー、お財布大丈夫ですか？,アノー、オサイフダイジョウブデスカ？,拡張ボイス
395_anooosaihudaijoubudesuka_5_ROSA_EXP.wav,395 あのー、お財布大丈夫ですか？,あのー、お財布大丈夫ですか？,アノー、オサイフダイジョウブデスカ？,拡張ボイス
396_dokyun_1_ROSA_EXP.wav,396 どきゅん,どきゅん,ドキュン,拡張ボイス
397_dokyun_2_ROSA_EXP.wav,397 どきゅん,どきゅん,ドキュン,拡張ボイス
398_dokyun_3_ROSA_EXP.wav,398 どきゅん,どきゅん,ドキュン,拡張ボイス
399_dokyun_4_ROSA_EXP.wav,399 どきゅん,どきゅん,ドキュン,拡張ボイス
400_dokyun_5_ROSA_EXP.wav,400 どきゅん,どきゅん,ドキュン,拡張ボイス
401_dokyun_6_ROSA_EXP.wav,401 どきゅん,どきゅん,ドキュン,拡張ボイス